<!DOCTYPE suite SYSTEM "http://testng.org/testng-1.0.dtd" >

<suite name="Smoke">
 <test name="Простое создание новости">
        <classes>
            <class name="Smoke.CreateSimpleNews"/>
        </classes>
    </test>
    <test name="Создание новости с заголовком длинее 200 символов">
        <classes>
            <class name="Smoke.CreateNews200Symbols"/>
        </classes>
    </test>

    <test name="Создание новости с незаполненным полем Заголовок">
        <classes>
            <class name="Smoke.CreateNewsEmptyHeadline"/>
        </classes>
    </test>

    <test name="Создание новости с незаполненным URL">
        <classes>
            <class name="Smoke.CreateNewsEmptyUrl"/>
        </classes>
    </test>

    <test name="Создание новости с заполненным заголовком и URL">
        <classes>
            <class name="Smoke.CreateNewsTitleUrl"/>
        </classes>
    </test>

    <test name="Изменения ранее созданной новости">
        <classes>
            <class name="Smoke.ChangeExistNews"/>
        </classes>
    </test>

    <test name="После удаления новости она должна переноситься в корзину">
        <classes>
            <class name="Smoke.DeleteNewsGoBasket"/>
        </classes>
    </test>

    <test name="Пользователь может скрывать новость">
        <classes>
            <class name="Smoke.CreateHiddenNews"/>
        </classes>
    </test>

    <test name="Пользователь может добавить новую вкладку при создании новой новости">
        <classes>
            <class name="Smoke.AddNewTabForNews"/>
        </classes>
    </test>

    <test name="Пользователь может добавить несколько вкладок при создании новой новости">
        <classes>
            <class name="Smoke.AddSeveralTabsForNews"/>
        </classes>
    </test>

    <test name="Пользователь может удалить ранее добавленную вкладоку у созданой новости">
        <classes>
            <class name="Smoke.DeleteTabForNews"/>
        </classes>
    </test>

    <test name="Пользователь может изменить название и текст для ранее созданной вкладки у новости">
        <classes>
            <class name="Smoke.ChangeNameTextTab"/>
        </classes>
    </test>

    <test name="Пользователь может изменить порядок вкладок у новости">
        <classes>
            <class name="Smoke.MoveTabs"/>
        </classes>
    </test>
    <test name="При смене заголовка на вкладке Основно, заголовок в SEO не меняется">
        <classes>
            <class name="Smoke.SEOTitleNotChange"/>
        </classes>
    </test>

    <test name="Поле Дата публикации заполняется автоматически текущем числом про сохранении новости">
        <classes>
            <class name="Smoke.PublishDate"/>
        </classes>
    </test>

    <test name="Заголовок новости не изменится если поменять поле заголовок на вкладке SEO">
        <classes>
            <class name="Smoke.ChangeSEOTitle"/>
        </classes>
    </test>

    <test name="Ключевые слова на вкладке SEO автоматически выставляются из полей Пункты Меню, Теги, Источник">
        <classes>
            <class name="Smoke.SEOKeyWords"/>
        </classes>
    </test>

    <test name="При создании новой новости поле Анонс скрыто">
        <classes>
            <class name="Smoke.TabPreviewHidden"/>
        </classes>
    </test>

    <test name="При создании новости если разернуть поле Анонс то оно остается развернутым">
        <classes>
            <class name="Smoke.TabPreviewShow"/>
        </classes>
    </test>

    <test name="При заполнении поля Дата события появляется пункт Главная/Сейчас в работе/Мероприятия">
        <classes>
            <class name="Smoke.EventDate"/>
        </classes>
    </test>
    <test name="При заполнении поля Дата события и Тип события Прием граждан появляется пункт Главная / Сейчас в работе / Мероприятия / Прием граждан">
        <classes>
            <class name="Smoke.EventTypeDate"/>
        </classes>
    </test>

    <test name="При заполнении поля Дата события и Источник Управление пресс-службы губернатора и правительства Московской области">
        <classes>
            <class name="Smoke.EventDateSource"/>
        </classes>
    </test>

    <test name="При заполнении поля Источник Управление пресс-службы губернатора и правительства Московской области добавляется пункт Пресс-релизы">
        <classes>
            <class name="Smoke.SetSource"/>
        </classes>
    </test>

    <test name="Заголовок не изменится если поменять его на вкладке Настройка страницы">
        <classes>
            <class name="Smoke.ChangeTitle"/>
        </classes>
    </test>

    <test name="После окончания Публиковать До, статус у новости становится Скрытая">
        <classes>
            <class name="Smoke.NewsPublishTo"/>
        </classes>
    </test>

    <test name="Пользоватль прикрепляет файл 0 кб">
        <classes>
            <class name="Feedback.AttachFileMinLenght"/>
        </classes>
    </test>

    <test name="Пользоватль прикрепляет файл без расширения">
        <classes>
            <class name="Feedback.AttachOver10mb"/>
        </classes>
    </test>

    <test name="Пользоватль заполняет все обязательные поля кроме Текста обращения">
        <classes>
            <class name="Feedback.CheckAppealText"/>
        </classes>
    </test>

    <test name="Пользователь добавляет соавторов обращения но не заполняет поля">
        <classes>
            <class name="Feedback.CheckCoAuthor"/>
        </classes>
    </test>

    <test name="Пользователь добавляет соавторов обращения но не заполняет поле Имя">
        <classes>
            <class name="Feedback.CheckCoAuthorName"/>
        </classes>
    </test>

    <test name="Пользователь добавляет соавторов обращения но не заполняет поле Фамилия">
        <classes>
            <class name="Feedback.CheckCoAuthorSurname"/>
        </classes>
    </test>

    <test name="Пользоватль заполняет поле Повторите адрес эл. почты кирилицей">
        <classes>
            <class name="Feedback.CheckCyrillicEmail"/>
        </classes>
    </test>

    <test name="Пользоватль заполняет все обязательные поля кроме Email">
        <classes>
            <class name="Feedback.CheckEmail"/>
        </classes>
    </test>

    <test name="Пользоватль заполняет поле Email не по формату">
        <classes>
            <class name="Feedback.CheckFormatEmail"/>
        </classes>
    </test>

    <test name="Пользоватль заполняет поле Email соавтор не по формату">
        <classes>
            <class name="Feedback.CheckFormatEmailCoAuthor"/>
        </classes>
    </test>

    <test name="Пользоватль заполняет поле Текст обращения менее 10 символов">
        <classes>
            <class name="Feedback.CheckLengthAppeal"/>
        </classes>
    </test>

    <test name="Пользоватль заполняет поле Имя менее 2х символов">
        <classes>
            <class name="Feedback.CheckLengthName"/>
        </classes>
    </test>

    <test name="Пользоватль заполняет поле соавтор Имя менее 2х символов">
        <classes>
            <class name="Feedback.CheckLengthNameCoAuthor"/>
        </classes>
    </test>

    <test name="Пользоватль заполняет поле Фамилия менее 3х символов">
        <classes>
            <class name="Feedback.CheckLengthSurname"/>
        </classes>
    </test>

    <test name="Пользоватль заполняет поле соавтор Фамилия менее 3х символов">
        <classes>
            <class name="Feedback.CheckLengthSurnameCoAuthor"/>
        </classes>
    </test>

    <test name="Пользоватль заполняет поле Номер телефона менее 10 символов">
        <classes>
            <class name="Feedback.CheckMinLengthPhone"/>
        </classes>
    </test>

    <test name="Пользоватль заполняет все обязательные поля кроме Имя">
        <classes>
            <class name="Feedback.CheckName"/>
        </classes>
    </test>

    <test name="Пользоватль заполняет все обязательные поля кроме повтора Email">
        <classes>
            <class name="Feedback.CheckReplayEmail"/>
        </classes>
    </test>

    <test name="Пользователь заполняет все обязательные поля но повторный Email не совпадает">
        <classes>
            <class name="Feedback.CheckSameReplayEmail"/>
        </classes>
    </test>

    <test name="Пользоватль нажимает кнопку Отправить без заполненых полей">
        <classes>
            <class name="Feedback.ChecksBlankForm"/>
        </classes>
    </test>

    <test name="Пользоватль заполняет все обязательные поля кроме Фамилия">
        <classes>
            <class name="Feedback.ChecksSurname"/>
        </classes>
    </test>

    <test name="Пользоватль удаляет прикрепленный файл">
        <classes>
            <class name="Feedback.RemovAttachFile"/>
        </classes>
    </test>

    <test name="Пользоватль прикрепляет файл всех доступных форматов">
        <classes>
            <class name="Feedback.AttachAllFormatFiles"/>
        </classes>
    </test>

    <test name="Пользоватль заполняет все поля и нажимает CheckBox Отчество отсутствует">
        <classes>
            <class name="Feedback.CheckCheckBoxNoMiddleName"/>
        </classes>
    </test>

    <test name="Пользоватль заполняет все поля формы">
        <classes>
            <class name="Feedback.CheckFullForm"/>
        </classes>
    </test>

    <test name="Пользоватль заполняет все поля и добавляет соавторов">
        <classes>
            <class name="Feedback.CheckFullFormCoAuthor"/>
        </classes>
    </test>

    <test name="Пользоватль заполняет все поля и удаляет ранее добавленных соавторов">
        <classes>
            <class name="Feedback.CheckFullFormDeleteCoAuthor"/>
        </classes>
    </test>

    <test name="Пользователь снимает галку Принимаю условия Пользовательского соглашения">
        <classes>
            <class name="Feedback.CheckCustomMessage"/>
        </classes>
    </test>

    <test name="Пользоватль заполняет поле Номер телефона более 64 символов">
        <classes>
            <class name="Feedback.CheckMaxLengthPhone"/>
        </classes>
    </test>


</suite>
